<?xml version="1.0" encoding="UTF-8"?>
<project-private xmlns="http://www.netbeans.org/ns/project-private/1">
    <editor-bookmarks xmlns="http://www.netbeans.org/ns/editor-bookmarks/2" lastBookmarkId="0"/>
    <open-files xmlns="http://www.netbeans.org/ns/projectui-open-files/2">
        <group>
            <file>file:/E:/systemBy4/PayRollSystem/src/payrollsystem/Attendance.java</file>
            <file>file:/E:/systemBy4/PayRollSystem/src/payrollsystem/About.java</file>
            <file>file:/E:/systemBy4/PayRollSystem/src/payrollsystem/NewJFrame.java</file>
            <file>file:/E:/systemBy4/PayRollSystem/src/payrollsystem/MainPanel.java</file>
            <file>file:/E:/systemBy4/PayRollSystem/src/payrollsystem/LogInFrame1.java</file>
        </group>
    </open-files>
</project-private>
